{
  "system": "WORM/Goldilocks",
  "timestamp": "2026-05-31T20:24:57Z",
  "rsl_v5_stats": {
    "mean_ms": 0.0013166723947506398,
    "p50_ms": 0.0012179953046143055,
    "p95_ms": 0.0012530072126537561,
    "p99_ms": 0.001387990778312087,
    "ops_per_sec": 759490.3667661283
  },
  "baseline_comparison": {
    "baseline_policy_eval_mean_ms": 0.0053,
    "overhead_multiplier": 0.2484287537265358
  },
  "status": "VALIDATED"
}